original_comment,clean_text,author,author_url,comment_id
i’m muslim tho true,im muslim tho true,@bluecube_timesthesquare,https://www.youtube.com/channel/UCdQawbH484JrPowJsHIK-sQ,UgzosYideRkVrNhFoYJ4AaABAg
Islam is Morden 😂😂😂,islam is morden,@KavitaSaini-q9r,https://www.youtube.com/channel/UCl-r7YQoCU-WsVcIgwyYmcQ,UgwLLiJSlJiGK7O5T3Z4AaABAg
Know islam its full of lies from a drunk,know islam its full of lies from a drunk,@Grandmasterhelios1999-mr5qi,https://www.youtube.com/channel/UCczBi05psQQ55q-3fReUN0g,UgzGzWIea-BUZuCleO94AaABAg
😂😂😂😂😂😂😂,most people dont hate islam they hate the terrorism it causes,@deku0910,https://www.youtube.com/channel/UCXlebtmjvqcm4bYbM4s9Nfw,UgwBR1rZ46rnN4cMxdV4AaABAg
"Most people dont hate islam 
They hate the terrorism it causes",praying to a idol that you created makes no sense and praying to a human makes no sense and praying to allah witch is an entity that loves you is right and of one is dangerous doesnt mean everyone of them are,@unknownguy-r2l,https://www.youtube.com/channel/UCAY33Ee_6mP_Kbqll9Qj_PQ,Ugxg40_OAhu5f6s87m94AaABAg
"Praying to a idol that you created makes no sense, and praying to a human makes no sense, and praying to Allah witch is an entity that loves you is right, and of one is dangerous, doesnt mean everyone of them are",seriously cant stand them,@Aiden-ly4zs,https://www.youtube.com/channel/UCMenEP3t6gPb8waFJTP-Gmg,Ugx9Qp04sVyV7_Hj0Xx4AaABAg
"seriously, cant stand them",iman met jesus and immediately embraced him to be his saviour,@aliboss52,https://www.youtube.com/channel/UCNM7n-Vf-jooFwp-uXL8mFw,Ugw30P0KP6P_ab_yWlZ4AaABAg
Iman met Jesus and immediately embraced Him to be his saviour,because they kill everyone who does not agree with them and are still invading all countries to this day,@OliverClarkson-j5m,https://www.youtube.com/channel/UCrxDy9IkMgCZx5mx7k3i74Q,UgzG2KnlvlRE3FXkPnx4AaABAg
Because they kill everyone who does not agree with them and are still invading all countries to this day?,as a sikhhindu i respect islam but the main problem of the social media nowadays is fear they say ooh islam is bad while others say ooh sikhi hindu christianity etc is bad i know islam teaches good things and so do other religions but it is not the quran gurbani bhagavad gita bible torah fault its the people who think bias,@MM1NGAS,https://www.youtube.com/channel/UCdsLne6h6RnWNHCI_lgzHIQ,UgzG3ON7Ii-SzEMoHWx4AaABAg
"As a Sikh-Hindu, I respect Islam, but the main problem of the social  media nowadays is fear, they say “ooh Islam is bad” while others say “ooh Sikhi/ Hindu/ Christianity, etc is bad” I know Islam teaches good things, and so do other religions but it is not the Qur’an Gurbani, Bhagavad Gita, Bible, Torah, fault it’s the people who think bias",islam is motherducker,@Dr.Haddi01,https://www.youtube.com/channel/UCVsH_1dU8rIulFVEORLMNhA,UgykrPvX5GpfmmuRw3l4AaABAg
Islam is Motherducker,bro i dont hate islam im moslem people say i head i hate islam a christian,@sayedzabihasani5649,https://www.youtube.com/channel/UCHMvEOVXNlNi1vyD7HcljhA,UgzUowHiB6dRNvwWfTJ4AaABAg
"Bro, I don’t hate Islam I’m Moslem people say I Head I hate Islam a Christian",because they attacking israel,@KursamSreenu-jm6nw,https://www.youtube.com/channel/UCefP4Rn4PkVZ4zEjCAAf0wA,UgyiCNunXGoOAUHEkLR4AaABAg
Because they attacking israel,pls correct that word relegious tolerance coz its wrong,@Einzelganger5,https://www.youtube.com/channel/UCHvm2WY-mpU_7dyHlAzryYQ,UgzSD0L0LlZJtiOx__l4AaABAg
"Pls correct that word ""Relegious Tolerance""..
Coz it's wrong 😂",takiya,@अर्पिताa108,https://www.youtube.com/channel/UCbOsdU-3XxOK-fRGW0ZjaSg,UgzZAzdEg2nrqOo-i6N4AaABAg
Takiya,ok im muslim and i admit we did some bad things but that doesnt mean we support them especially osama and the taliban but lets be completepy honest why is it that when a muslim fight sin a war and kills people its nad but when amy other religion does it its fine,@Inr-s5g,https://www.youtube.com/channel/UCb8swkmxoUA7t9KaMg5qcAA,Ugwd6NbHTGDV68lW3u14AaABAg
"Ok im muslim and i admit we did some bad things but that doesnt mean we support them especially osama and the taliban, but lets be completepy honest why is it that when a muslim fight sin a war and kills people its nad but when amy other religion does it its fine",because in islam kids are getting married,@cutemelody1,https://www.youtube.com/channel/UCnm5RdBlsjeBdI6gJ-q7HQQ,UgxIiybwENtF-sxeW3J4AaABAg
Because in Islam kids are getting married 😡,boombing on india,@viswanathpm3140,https://www.youtube.com/channel/UCcaetxhpoDiS8jhlPlh7Dmg,UgyYiA64wq9Cuwhp_SV4AaABAg
Boombing on India,islam is not ugly its unique islam we pray salah and fasting in ramadan who ever truly believe me comment,@Riyokam,https://www.youtube.com/channel/UC_trAUCAw372dVAjWjU1dwg,UgyrSlDO1wKQHwTLuS54AaABAg
"Islam is not ugly it’s unique islam we pray salah and fasting in Ramadan, Who ever truly believe me comment!",islam modern biggest joke,@Yash_22_07,https://www.youtube.com/channel/UCKCW6kCvHJzHljH968M5pHA,UgwDlfR_bXQ5UO9QprN4AaABAg
Islam modern😂😂 biggest joke,yes bro,@tas6566,https://www.youtube.com/channel/UCSOjyvjgFb5gcukTr1YsVCw,UgyrSlDO1wKQHwTLuS54AaABAg.AUIDXBHjlqEAUNm4APL6Gv
Yes bro,most modern,@theinspirationalspot13,https://www.youtube.com/channel/UCF1ieWG9O071Ak1mfwldkhA,Ugx5Oj4HRcvsrR6ULnZ4AaABAg
most modern😂🤣😂🤣,allah hu akbar,@NingarajJadagannavar,https://www.youtube.com/channel/UC938h8GTSCW0TvkdU5gzrvw,UgxoCti4Ehwjy0rMY2Z4AaABAg
Allah hu Akbar 💣💣,what a joke bro,@Thusha-s7f,https://www.youtube.com/channel/UCuOySz8p5LOyw2Rm1wtJbuA,UgyAGW1SxXGbGsC0w854AaABAg
What a joke bro,yw,@MHB-k7e,https://www.youtube.com/channel/UCfIVYfKXzYQSQJx-9qvgTFg,Ugx9N6m7OrsdvoxbrCF4AaABAg
7,ye,@MHB-k7e,https://www.youtube.com/channel/UCfIVYfKXzYQSQJx-9qvgTFg,UgwIhCT0CTW7mOENdiZ4AaABAg
5,i love it,@saraswathigauli3923,https://www.youtube.com/channel/UCLYKGb-11UUaeKRzw4_AZTQ,Ugz9F-72N3nv0n5dhb94AaABAg
9,i will never accept islam beacuse of few reasons i dont want to eat meat i am comfortable in my religion most but i respect islam muhhmad and allah very much assalamualikum to them who are momim,@ProzGamerz-w6f,https://www.youtube.com/channel/UCGs2cEGXV794inCksakF37g,UgyQBXQ1WqrDMn74crF4AaABAg
8,its outdated and i would be dead because they dont believe in advanced sciences,@user-qz2nz6cq8y,https://www.youtube.com/channel/UC_jvoOAdns3YMWxKnLX3biw,UgxipJmg5oHE8E6ThSJ4AaABAg
5,modern,@Duffman089,https://www.youtube.com/channel/UCBwUta9jQb3BSpOD5C2AYeg,Ugwh5AATt4HfiXrowzF4AaABAg
7,heres the true reason why people hate islam suicide bombingsclassic terrorism and not hesitating to commit genocide and beheads innocent people kidnap for ransom business brainwashing,@boychaku1525,https://www.youtube.com/channel/UC62tdf57PwVkzOsU1j73Rsg,Ugyr7GuuVnpVNLJ4qfZ4AaABAg
7,why believe in ts while theyre all fake,@Roham_YTRRoham_YTR,https://www.youtube.com/channel/UCM18gxlkIRgzkilHOaAvCrA,UgwMSoGdQhpKzz8jUtV4AaABAg
😊,thats not the reason bro tryna make islam the best but still cant,@BLINKY-NINIOFFICIAL,https://www.youtube.com/channel/UCNXFl4YkG8axdzobBKVxU4A,UgyYfoC2jZ9Lw4_t2xh4AaABAg
5,gender inequality,@ajaysurendran3859,https://www.youtube.com/channel/UCJEBDKdkq6sk3rSx19dPFcg,UgxmU1_O1cUXeFt8EbF4AaABAg
7,blasphemy,@ajaysurendran3859,https://www.youtube.com/channel/UCJEBDKdkq6sk3rSx19dPFcg,UgwJnuAZDeeruKOt7zR4AaABAg
7,mashallah mashallah mashallah mashallah,@SufiyanQureshi-p9m,https://www.youtube.com/channel/UCM_to03DD113cRfwpGtORtw,Ugx0y4F-P_n-6xgmCTh4AaABAg
7,your personal experience define religion if abusbe religion harsh comfort reward i see harsh,@IdkSigma-x5i,https://www.youtube.com/channel/UCri4nuOfK6JzxcRznpmVXKw,UgySlQxWksgzQv6t-314AaABAg
5,people say they respect all religons but when it comes to islam they hate it make it make seance,@KareemRamgarib,https://www.youtube.com/channel/UCmjh9bC80Xmo51T-yVR7Bbw,Ugyyz3DdXuTjupjG8I14AaABAg
6,are you hindu,@the.orphanboy,https://www.youtube.com/channel/UC1BRuVrZfiaZ8BZQRlVGvLw,UgyQBXQ1WqrDMn74crF4AaABAg.ATiGAD8GmJcATn1U7sBYMg
7,yes,@ProzGamerz-w6f,https://www.youtube.com/channel/UCGs2cEGXV794inCksakF37g,UgyQBXQ1WqrDMn74crF4AaABAg.ATiGAD8GmJcATnsKvtjOnM
8,islam is the best for us be respectful,@Miku_Bae,https://www.youtube.com/channel/UCXO-BcjyPcN-SyEG7o4cFmA,UgyYfoC2jZ9Lw4_t2xh4AaABAg.ATD60k2NUgdAVVW4-wt22Z
73,sorry but i cant and that isnt the truth,@BLINKY-NINIOFFICIAL,https://www.youtube.com/channel/UCNXFl4YkG8axdzobBKVxU4A,UgyYfoC2jZ9Lw4_t2xh4AaABAg.ATD60k2NUgdAVVm4ojXBrP
27,i used to respect islam i was ok with the hijab the prayers i learned to read arabic i had muslim friends but they never respected my religion just because i respect theirs they expect me to disregard mine they talk shit about my religion my female hijabi friends sut shame me on a regular basis this started when i was years old i wear a dress they tell me that men will look at me badly at years old ive respected them they dont reciprocate as ive gotten older my mother seperated me from those friends even she used to respect islam but now we cant do this anymore the men act righteous and cover their women and harass christainhindu women especially young girls,@im_anotakubestie-0909,https://www.youtube.com/channel/UC_0mQB7WELZ2-b_7_CGHR3A,Ugyyz3DdXuTjupjG8I14AaABAg.ASrpJD8tYPjATCrIxIRzr3
Yw,i dont think so im muslim and i had christian friends in my neighborhood and when holidays would arrive we would enjoy time together,@KevinPlays-w6g,https://www.youtube.com/channel/UCNRN0zOzIos3EF2zljGwTAQ,Ugyyz3DdXuTjupjG8I14AaABAg.ASrpJD8tYPjATIjBpegbXZ
❤,most mordern religion,@Lookinatme999,https://www.youtube.com/channel/UCMkz3MK7fIjCLsQeJh2c3dQ,Ugxgc0K62rICaFLeuFt4AaABAg
62,no because its fake,@ILUVDTIVD,https://www.youtube.com/channel/UCnqwdj_E__VHyGTlC2HVhQw,UgxCSs-aU_dmtwcITg54AaABAg
91😊,islam is not unique it is just another version of christianity and judaism it is conservative bcz it did not adapt modern things or simply did not evolved with time when something do not evolve with time time destroy it,@Not_a_soul-g15,https://www.youtube.com/channel/UCkbda0ZwJSopgfOX_XAS77g,Ugwy-JEne0JQoFhNhMF4AaABAg
Ye,i dont hate islam but they are racist to me because im asian,@PoppyEditzT,https://www.youtube.com/channel/UChcfT-LlbqFIrEBLhOjC1QQ,UgwtKa3MHZ7qO76BqBt4AaABAg
63,religious,@randomstuffers6011,https://www.youtube.com/channel/UCJnHT_hQq9cUsr1ODCkIuTw,UgxXTDDzUHKkbXmSCs14AaABAg
72,its false it needs the bible to survive and momo was a beast need we go on,@gunnergowing9342,https://www.youtube.com/channel/UCUaMRFK41O_vQ6FQvlHon-g,UgwUW8exTobT9vZvzex4AaABAg
I love it❤,because of child marriage,@republic_walgo,https://www.youtube.com/channel/UC8_RnwgVddDYV0d7397o6Mg,UgxW5a8w4wm6RdZf8vN4AaABAg
